iter,top_agree,roc_params,roc_est,roc_roc,roc_prc,prc_params,prc_est,prc_roc,prc_prc
1,TRUE,"0.01, 64",0.6510539051485367,0.6288783695597917,0.15582677686008095,"0.01, 64",0.1852787842856756,0.6288783695597917,0.15582677686008095
2,TRUE,"0.02, 54",0.6246012858842704,0.6288169756103571,0.15597846339606955,"0.02, 54",0.15216629176085547,0.6288169756103571,0.15597846339606955
3,TRUE,"0.02, 136",0.6240498355148036,0.6192689606648719,0.14589557021994007,"0.02, 136",0.13809314983583057,0.6192689606648719,0.14589557021994007
4,TRUE,"0.09, 129",0.605449509544141,0.6100397210747751,0.14688454492648084,"0.09, 129",0.14233939093661296,0.6100397210747751,0.14688454492648084
5,TRUE,"0.21, 40",0.6287373371635246,0.6135373347420101,0.14794055461946432,"0.21, 40",0.14328848174627928,0.6135373347420101,0.14794055461946432
6,FALSE,"0.02, 33",0.6090234212463592,0.6224815780003666,0.14617236924568308,"0.15, 95",0.13580606339618986,0.6077149507138115,0.14545178026506667
7,TRUE,"0.02, 28",0.6318130261178504,0.6226108527311355,0.14886812729886398,"0.02, 28",0.16321310187677296,0.6226108527311355,0.14886812729886398
8,TRUE,"0.09, 45",0.61128148466638,0.6245484953461573,0.14965558298599588,"0.09, 45",0.15501788570338199,0.6245484953461573,0.14965558298599588
9,FALSE,"0.03, 89",0.6098105975738566,0.6295142050658463,0.15295710331453855,"0.15, 31",0.1447062782467871,0.6227716542227024,0.14913632603327098
10,TRUE,"0.02, 135",0.6199402053815156,0.6220266575504354,0.1532855341394754,"0.02, 135",0.16135391880034922,0.6220266575504354,0.1532855341394754
11,FALSE,"0.03, 81",0.6370551650351468,0.6325762469147682,0.15465017399267814,"0.04, 73",0.14813901727966175,0.6317505792519899,0.15485474713444825
12,TRUE,"0.13, 42",0.623206911377976,0.6255621352867385,0.15249567781332027,"0.13, 42",0.15154475047338628,0.6255621352867385,0.15249567781332027
13,TRUE,"0.09, 82",0.6359643095380202,0.6178309306430085,0.15095131986663454,"0.09, 82",0.14131223795492842,0.6178309306430085,0.15095131986663454
14,FALSE,"0.06, 79",0.6171335282699957,0.622217641154335,0.1502243109310386,"0.22, 102",0.14911098953610913,0.5906535675870194,0.135603597909861
15,FALSE,"0.13, 29",0.6290563849253568,0.6191023073647175,0.1486889289007578,"0.11, 119",0.15671801840846378,0.6081717511849094,0.14060942811489624
16,TRUE,"0.1, 144",0.6121859032687058,0.6136972567631679,0.1432641096119433,"0.1, 144",0.12949328939313212,0.6136972567631679,0.1432641096119433
17,FALSE,"0.21, 79",0.6126628603425692,0.5975457154953611,0.1318163363691991,"0.11, 31",0.13377044020194973,0.6206560543915997,0.1461289175526817
18,TRUE,"0.07, 45",0.6281954624083832,0.633565432436396,0.15751083535978336,"0.07, 45",0.16550178958782322,0.633565432436396,0.15751083535978336
19,TRUE,"0.01, 82",0.63956543911048,0.627788519296139,0.1534504208123355,"0.01, 82",0.16263433758992032,0.627788519296139,0.1534504208123355
20,FALSE,"0.03, 117",0.6319576238138568,0.6256255890265985,0.14818653937171467,"0.21, 108",0.16527956658162388,0.599113443296378,0.1411587055082415
21,TRUE,"0.04, 101",0.6370206681398675,0.6220519597465749,0.15656383446423586,"0.04, 101",0.14809673943014243,0.6220519597465749,0.15656383446423586
22,FALSE,"0.06, 58",0.6176360836789865,0.6256385302240641,0.15057246838973334,"0.12, 69",0.14790371792058815,0.6125737220738044,0.14754771659361682
23,FALSE,"0.06, 49",0.6062829345358918,0.6278757388369899,0.15631405768680257,"0.06, 113",0.14449760199472017,0.624919527090545,0.15739388342319957
24,TRUE,"0.07, 66",0.6215110640042396,0.6229532980537027,0.15298930659485024,"0.07, 66",0.1504272561160431,0.6229532980537027,0.15298930659485024
25,FALSE,"0.14, 100",0.6548990590846824,0.6116695758201953,0.14826945452798868,"0.08, 36",0.1676685293584377,0.6249449690627483,0.15629881087122952
26,TRUE,"0.04, 118",0.61611604955554,0.6236647142556268,0.15230663992959845,"0.04, 118",0.15208196179908956,0.6236647142556268,0.15230663992959845
27,FALSE,"0.04, 83",0.6239918407343339,0.6175573346321773,0.14853482570819257,"0.19, 48",0.1511020414874217,0.6115790600742288,0.14494736771365715
28,FALSE,"0.1, 142",0.6346561629805076,0.6107517577707344,0.1418375170209995,"0.03, 137",0.1539815286351715,0.6196458804307478,0.1449366898270465
29,TRUE,"0.13, 111",0.611532962033417,0.6126992075771681,0.1486328483890294,"0.13, 111",0.13428547017613096,0.6126992075771681,0.1486328483890294
30,TRUE,"0.03, 143",0.6317893881563439,0.6235897525459707,0.1510525795954657,"0.03, 143",0.18760189341002972,0.6235897525459707,0.1510525795954657
31,TRUE,"0.05, 66",0.6330015298623124,0.6280183019820235,0.15246826058369478,"0.05, 66",0.15984474189616923,0.6280183019820235,0.15246826058369478
32,FALSE,"0.02, 142",0.6410375110968447,0.629124175820037,0.15447886325073798,"0.07, 54",0.15620178983981578,0.6277377693194554,0.15301961215972176
33,TRUE,"0.08, 91",0.6081332680058795,0.6228333249982433,0.14938713900518857,"0.08, 91",0.13874406800165118,0.6228333249982433,0.14938713900518857
34,FALSE,"0.03, 124",0.6314620225729285,0.6259918297101827,0.1524481147255563,"0.23, 107",0.14396788215191628,0.5965288938124316,0.13809928643031563
35,FALSE,"0.07, 85",0.6251470329353775,0.6279334730080911,0.15414169920712903,"0.07, 83",0.14864361020675762,0.6278699793298774,0.15231160745287742
36,TRUE,"0.06, 83",0.6521783039526443,0.6230063754212056,0.1489225971900016,"0.06, 83",0.18471615535711178,0.6230063754212056,0.1489225971900016
37,TRUE,"0.04, 99",0.6189182973532382,0.6292799661550798,0.15901926797630875,"0.04, 99",0.16020525994513826,0.6292799661550798,0.15901926797630875
38,TRUE,"0.11, 38",0.6031697147256747,0.6250242701492138,0.15516666835324835,"0.11, 38",0.1356867715671141,0.6250242701492138,0.15516666835324835
39,FALSE,"0.03, 130",0.6315301622853943,0.6314787102115225,0.1510431725413194,"0.21, 96",0.1520508677853892,0.6093371768238208,0.14211344038228632
40,TRUE,"0.07, 112",0.6109648561277726,0.6161691748513417,0.1540905875515226,"0.07, 112",0.14769341642274814,0.6161691748513417,0.1540905875515226
41,TRUE,"0.03, 121",0.6340929316361528,0.6276013828504784,0.15127836423717234,"0.03, 121",0.13889090410634292,0.6276013828504784,0.15127836423717234
42,TRUE,"0.02, 83",0.6531687148156665,0.6195273647411449,0.15568581380263008,"0.02, 83",0.18148407046323237,0.6195273647411449,0.15568581380263008
43,TRUE,"0.1, 94",0.6575083242508174,0.627681060372247,0.15019316679022957,"0.1, 94",0.18156422775416947,0.627681060372247,0.15019316679022957
44,TRUE,"0.17, 31",0.6422177004069634,0.6132481117574498,0.14235860137425901,"0.17, 31",0.1682794814694091,0.6132481117574498,0.14235860137425901
45,TRUE,"0.04, 57",0.6434565889069984,0.6295630524629948,0.15149791978539806,"0.04, 57",0.15895300939034282,0.6295630524629948,0.15149791978539806
46,FALSE,"0.07, 139",0.6195332420082192,0.6171385737638007,0.1538214365236064,"0.11, 42",0.15443960216431096,0.6215123617942564,0.1554921838033801
47,FALSE,"0.07, 90",0.6490375866172045,0.6223882497052619,0.15296319750740323,"0.11, 67",0.15870339946306047,0.6162989455707424,0.1504619551566996
48,TRUE,"0.02, 97",0.6078692917637413,0.6263096841881559,0.15304842227494939,"0.02, 97",0.13780021726197794,0.6263096841881559,0.15304842227494939
49,TRUE,"0.01, 123",0.6266471017608415,0.631118976099112,0.15487377226833685,"0.01, 123",0.1729832151219831,0.631118976099112,0.15487377226833685
50,FALSE,"0.02, 46",0.6271033849765023,0.6257967651450657,0.15303723002685685,"0.02, 97",0.1570573594168317,0.6240881500995493,0.15287281954452078
51,TRUE,"0.04, 71",0.639050985411313,0.6224159118471656,0.14797879693611637,"0.04, 71",0.16538988073035768,0.6224159118471656,0.14797879693611637
52,FALSE,"0.08, 70",0.6502705874682141,0.6277417583488353,0.15934357289760262,"0.04, 111",0.17410549060961272,0.6313253132458576,0.16035784294011268
53,FALSE,"0.12, 118",0.5953275387323768,0.6098837674871119,0.14758280787199732,"0.29, 131",0.14605657570594982,0.5891294803375392,0.13274274842681755
54,FALSE,"0.1, 35",0.6566409023187914,0.6277104853566984,0.14957877042276946,"0.01, 42",0.18321985067323557,0.6117924467768461,0.14904704036564315
55,FALSE,"0.1, 38",0.6178473937345639,0.616712415985368,0.14487358856081303,"0.06, 104",0.15613007589886385,0.6148937864689162,0.14539641643124637
56,TRUE,"0.11, 97",0.6101215890569849,0.6229443476750436,0.14937064595585048,"0.11, 97",0.13307759588846665,0.6229443476750436,0.14937064595585048
57,FALSE,"0.08, 115",0.6390739833414992,0.6232868970360985,0.15131946027522886,"0.13, 66",0.16478134364358463,0.6216232151122634,0.15087743130067283
58,TRUE,"0.08, 70",0.6403903648671619,0.626563462696441,0.15396407142024246,"0.08, 70",0.16455880809961157,0.626563462696441,0.15396407142024246
59,FALSE,"0.13, 48",0.6162740353368197,0.6171697541336669,0.14165486610199848,"0.16, 91",0.16188141290213617,0.6061118230818896,0.1365740170617389
60,TRUE,"0.01, 78",0.6432666060054595,0.622778460695083,0.15657532477913222,"0.01, 78",0.16586832036664068,0.622778460695083,0.15657532477913222
61,TRUE,"0.11, 46",0.6228234458898699,0.6186671063269847,0.1502369964129659,"0.11, 46",0.15927086189045078,0.6186671063269847,0.1502369964129659
62,FALSE,"0.04, 32",0.6378348750120026,0.6272563332986874,0.15349900330718955,"0.07, 86",0.14905258055204731,0.6260928446541755,0.1537492155940354
63,FALSE,"0.06, 30",0.6194377506024458,0.6296499574019456,0.15802210142695808,"0.04, 40",0.15992695658976894,0.6274125015424606,0.15728482573342817
64,FALSE,"0.03, 98",0.6216417477514963,0.6320931130814221,0.1565504211262185,"0.04, 140",0.16675777227108915,0.6263878784735024,0.15425521510224305
65,TRUE,"0.14, 81",0.6230189282964533,0.6137285960291787,0.14472509995658836,"0.14, 81",0.1446447838787305,0.6137285960291787,0.14472509995658836
66,TRUE,"0.05, 46",0.6177173351522963,0.6236272139931477,0.15131936735017587,"0.05, 46",0.15141166795378233,0.6236272139931477,0.15131936735017587
67,TRUE,"0.01, 101",0.6277641191626925,0.6319178566139724,0.16035016441059383,"0.01, 101",0.16557921176856918,0.6319178566139724,0.16035016441059383
68,TRUE,"0.01, 139",0.6024402803747663,0.6255401406017538,0.15453293826847145,"0.01, 139",0.14536423789756184,0.6255401406017538,0.15453293826847145
69,FALSE,"0.09, 87",0.6182578567928886,0.6172123904313399,0.15107265309183462,"0.2, 81",0.15009733788282706,0.602952848057782,0.1404273340478757
70,TRUE,"0.12, 85",0.6310562049415552,0.6070387470139006,0.148953251374159,"0.12, 85",0.16491911326817835,0.6070387470139006,0.148953251374159
71,TRUE,"0.07, 45",0.6171954524092832,0.6261033330127482,0.1523919337223657,"0.07, 45",0.13896085551304638,0.6261033330127482,0.1523919337223657
72,FALSE,"0.23, 33",0.6471072603465688,0.6146355236285266,0.14472644320513764,"0.05, 137",0.17490940056832513,0.6231580515871656,0.15183757415586516
73,TRUE,"0.05, 34",0.5940860322570969,0.6294780830573018,0.15379071783307902,"0.05, 34",0.13090354062504733,0.6294780830573018,0.15379071783307902
74,TRUE,"0.02, 131",0.6404563589276965,0.6226700523818129,0.1508919411373648,"0.02, 131",0.16284595572474167,0.6226700523818129,0.1508919411373648
75,TRUE,"0.02, 75",0.6163165315121639,0.6310641060642538,0.15643015468147922,"0.02, 75",0.14832255947980882,0.6310641060642538,0.15643015468147922
76,FALSE,"0.02, 65",0.6182478576928077,0.6281191729836919,0.15261762628579387,"0.18, 60",0.1315209261306692,0.6148236473530243,0.14456753337455752
77,FALSE,"0.11, 36",0.6273780359767621,0.6281624887855957,0.15400324365188883,"0.09, 45",0.15972864207488455,0.629110111103239,0.15503931894878084
78,FALSE,"0.15, 59",0.6399774020338169,0.6152237100048861,0.14849243434243214,"0.11, 126",0.15588436245606307,0.6095909435800687,0.1463773232476223
79,FALSE,"0.03, 143",0.6046375826175644,0.6244355539343674,0.14912495243051105,"0.12, 86",0.1603225262544446,0.614093010182959,0.14366511780811322
80,TRUE,"0.02, 28",0.6440905318521333,0.6210083615531152,0.1489162271078221,"0.02, 28",0.16372325119419776,0.6210083615531152,0.1489162271078221
81,TRUE,"0.06, 35",0.6214055734983851,0.6208776404662862,0.14925764417830253,"0.06, 35",0.14552415344884173,0.6208776404662862,0.14925764417830253
82,TRUE,"0.11, 35",0.6282389584937356,0.6198910164354731,0.14543348629038394,"0.11, 35",0.14998896551348742,0.6198910164354731,0.14543348629038394
83,TRUE,"0.12, 111",0.6276385910443939,0.6030473238336105,0.14195763110043383,"0.12, 111",0.16701421608058775,0.6030473238336105,0.14195763110043383
84,TRUE,"0.01, 25",0.6168000545860293,0.6189669991106437,0.15016138087443012,"0.01, 25",0.1365358258152243,0.6189669991106437,0.15016138087443012
85,TRUE,"0.11, 56",0.6227764501194892,0.6250649151617254,0.14788651215481677,"0.11, 56",0.14877362253969623,0.6250649151617254,0.14788651215481677
86,TRUE,"0.03, 145",0.6216685498305152,0.6235237342174191,0.15586348903828,"0.03, 145",0.14802771539137077,0.6235237342174191,0.15586348903828
87,TRUE,"0.04, 99",0.6266286034256917,0.6180897577689208,0.14716633954546143,"0.04, 99",0.1582716269294334,0.6180897577689208,0.14716633954546143
88,FALSE,"0.07, 34",0.6131768140867322,0.631096496137058,0.15931170423509536,"0.06, 44",0.1596745340352884,0.6298749487180141,0.15889293090816897
89,TRUE,"0.03, 60",0.6289573938345548,0.6280221976560992,0.1531805196550455,"0.03, 60",0.13506088813040598,0.6280221976560992,0.1531805196550455
90,FALSE,"0.16, 73",0.6190202881740643,0.6086339663579186,0.14289685442137134,"0.05, 116",0.14452950334223572,0.6244184711317281,0.15205266924860222
91,FALSE,"0.15, 33",0.6404673579377856,0.6260218093505667,0.15002908893901482,"0.12, 93",0.16931369628611084,0.6158810619231554,0.14624502087610056
92,TRUE,"0.03, 40",0.5911927926486616,0.6236947272102797,0.1505081097036666,"0.03, 40",0.13794360183550552,0.6236947272102797,0.1505081097036666
93,TRUE,"0.1, 38",0.6066194042536172,0.622379586573922,0.1504102520626841,"0.1, 38",0.13270975676731825,0.622379586573922,0.1504102520626841
94,TRUE,"0.09, 45",0.6366991970722635,0.6270395072404188,0.15101655141287748,"0.09, 45",0.1471349865340945,0.6270395072404188,0.15101655141287748
95,TRUE,"0.05, 34",0.638346048855603,0.6250156517444224,0.14779315488813183,"0.05, 34",0.18024720394931484,0.6250156517444224,0.14779315488813183
96,TRUE,"0.07, 32",0.6335864500629448,0.6311859882877722,0.15824812498468913,"0.07, 32",0.1464670018439366,0.6311859882877722,0.15824812498468913
97,FALSE,"0.17, 47",0.6215000649941506,0.6207553703727856,0.14975582223219758,"0.07, 79",0.1802716316428959,0.6284584570930006,0.15282678165050131
98,FALSE,"0.12, 47",0.6400693937545621,0.6287585541059533,0.15130665684421482,"0.17, 90",0.17111504168881797,0.6141940080870458,0.14751965393060354
99,FALSE,"0.13, 93",0.6183693467587917,0.6035134967089085,0.14435438593391992,"0.19, 41",0.1463409646391635,0.6139942870292523,0.14833831213139057
100,TRUE,"0.12, 52",0.6208076273135418,0.6233604547153379,0.15337667931394303,"0.12, 52",0.14856128480063893,0.6233604547153379,0.15337667931394303
101,FALSE,"0.15, 39",0.6192952634262916,0.6274450096785854,0.15308702338404542,"0.07, 145",0.15589528807166944,0.6224510614712957,0.1521161566618037
102,FALSE,"0.13, 107",0.5992290693837554,0.6092325564912192,0.14263162963597875,"0.19, 53",0.1428531305255133,0.6158064963168085,0.1449321488935328
103,FALSE,"0.08, 57",0.6177044066034056,0.6216063953797692,0.15295494792399011,"0.14, 112",0.15813698159634018,0.6026094965865869,0.14243786010293352
104,TRUE,"0.04, 119",0.6220825125738684,0.6214163250825065,0.15211216544651573,"0.04, 119",0.15606142162068243,0.6214163250825065,0.15211216544651573
105,FALSE,"0.14, 85",0.6239571473711136,0.6129910353742549,0.14733770269411148,"0.16, 102",0.1465732284805961,0.6087017914003707,0.1423512342243452
106,FALSE,"0.1, 80",0.6285844274015339,0.6228196078393973,0.15092907481216858,"0.1, 52",0.17028735373171094,0.6278962567124663,0.1543105279608843
107,TRUE,"0.11, 68",0.6581474664085344,0.6190590418212302,0.14617320941852105,"0.11, 68",0.15941980049162444,0.6190590418212302,0.14617320941852105
108,TRUE,"0.01, 136",0.6555789978901899,0.6296331454362233,0.15674606750290962,"0.01, 136",0.1731183107471839,0.6296331454362233,0.15674606750290962
109,TRUE,"0.11, 43",0.6077283044525993,0.6227489929583072,0.15711247448991958,"0.11, 43",0.1412833206398236,0.6227489929583072,0.15711247448991958
110,TRUE,"0.08, 96",0.5927326540611345,0.6170320250994533,0.1474561820041861,"0.08, 96",0.1381411034333699,0.6170320250994533,0.1474561820041861
111,FALSE,"0.09, 134",0.6237547210575168,0.6155885009792734,0.14445433490575163,"0.05, 138",0.1630309109899045,0.6255127010454986,0.15029974573944618
112,TRUE,"0.03, 48",0.6398414142727155,0.6293073594699581,0.15351303304870062,"0.03, 48",0.16392010685666628,0.6293073594699581,0.15351303304870062
113,TRUE,"0.07, 107",0.5903768660820526,0.6194010874485258,0.15021970420475642,"0.07, 107",0.1296676255744965,0.6194010874485258,0.15021970420475642
114,TRUE,"0.12, 31",0.6018133367996881,0.6280054599903289,0.15019444566072881,"0.12, 31",0.13749726011278618,0.6280054599903289,0.15019444566072881
115,TRUE,"0.02, 87",0.6680136350542522,0.6272263534386419,0.15371511944690067,"0.02, 87",0.17742510318205762,0.6272263534386419,0.15371511944690067
116,FALSE,"0.03, 36",0.6232073266760624,0.6220028020459014,0.15294807410815997,"0.11, 107",0.14473126808882816,0.6165940986209909,0.15141935273480472
117,TRUE,"0.01, 110",0.6376601105900469,0.6288423579851529,0.14893081666685876,"0.01, 110",0.15878520061510873,0.6288423579851529,0.14893081666685876
118,FALSE,"0.06, 42",0.603435190832825,0.625474971521994,0.14962477359460907,"0.16, 68",0.14256222101504468,0.6119337345829047,0.14318687941048852
119,FALSE,"0.03, 49",0.6536441720245177,0.6239196311642854,0.15074307469393383,"0.01, 76",0.17067982522602157,0.6253282636234152,0.15179414088205653
120,TRUE,"0.07, 27",0.616398024177824,0.6320636263650097,0.16136656347995496,"0.07, 27",0.14821007638866426,0.6320636263650097,0.16136656347995496
121,TRUE,"0.04, 131",0.6260891519763221,0.6333844161140683,0.15384829915846732,"0.04, 131",0.1443027175707833,0.6333844161140683,0.15384829915846732
122,TRUE,"0.06, 76",0.6083062524372806,0.6255384777033647,0.15363097165505132,"0.06, 76",0.13345086455557198,0.6255384777033647,0.15363097165505132
123,TRUE,"0.02, 77",0.6091624523893352,0.6221656729635371,0.15437620369776553,"0.02, 77",0.15297145055296663,0.6221656729635371,0.15437620369776553
124,TRUE,"0.08, 26",0.6118039376456119,0.6287288575986196,0.15715159402549203,"0.08, 26",0.15402257511482287,0.6287288575986196,0.15715159402549203
125,FALSE,"0.04, 33",0.6096411322980931,0.6294078577609888,0.15482028040452547,"0.21, 45",0.1489455432195675,0.6174210514164586,0.14797804010211024
126,FALSE,"0.04, 80",0.6420907118359348,0.6253324527429026,0.14768334100306746,"0.05, 133",0.1687241715386812,0.6250827839568853,0.14846491167519746
127,TRUE,"0.12, 31",0.6093211610955014,0.6253994737459396,0.1447794531079352,"0.12, 31",0.13905384796330528,0.6253994737459396,0.1447794531079352
128,FALSE,"0.15, 40",0.6076636166501296,0.6270690722272607,0.1565615644099933,"0.27, 112",0.12513419479387997,0.5997841023496772,0.13956047096775373
129,FALSE,"0.02, 62",0.6429616334529892,0.6202530430730485,0.15529748281460998,"0.07, 88",0.17600568461771768,0.6216288628402818,0.15367789440634302
130,TRUE,"0.1, 51",0.6385755282024618,0.6212473999812297,0.15214124775897342,"0.1, 51",0.18513218242759674,0.6212473999812297,0.15214124775897342
131,TRUE,"0.12, 78",0.6416752492275696,0.6132024584993904,0.14471027666791897,"0.12, 78",0.1666044645679682,0.6132024584993904,0.14471027666791897
132,TRUE,"0.06, 52",0.5953144217020468,0.6182981845106431,0.14474660085384256,"0.06, 52",0.13721404216577449,0.6182981845106431,0.14474660085384256
133,FALSE,"0.08, 30",0.6147956683898449,0.6272531791696141,0.15089657073419194,"0.08, 61",0.1526074096300714,0.6217511879390075,0.15104548610808538
134,TRUE,"0.13, 58",0.6223729864312212,0.6189935215556797,0.14891628484157976,"0.13, 58",0.1476303926383015,0.6189935215556797,0.14891628484157976
135,TRUE,"0.04, 70",0.6104880560749533,0.6221008914722692,0.15613398063181974,"0.04, 70",0.14856945380433234,0.6221008914722692,0.15613398063181974
136,TRUE,"0.06, 119",0.6133713844348258,0.614020706208068,0.14239783077824045,"0.06, 119",0.14243960847059842,0.614020706208068,0.14239783077824045
137,TRUE,"0.06, 118",0.6271395574398304,0.6166095960041849,0.14567725367854525,"0.06, 118",0.15342329961079912,0.6166095960041849,0.14567725367854525
138,FALSE,"0.08, 114",0.6197471173281306,0.6122085119219058,0.1448779174104384,"0.15, 50",0.1382350210909089,0.6145017402665262,0.1466609592344064
139,TRUE,"0.07, 74",0.6231434170924617,0.6261752331861726,0.1551463402113539,"0.07, 74",0.15176475155055025,0.6261752331861726,0.1551463402113539
140,TRUE,"0.05, 43",0.6463158315751583,0.6266652115982665,0.14920596648244439,"0.05, 43",0.17741581656584698,0.6266652115982665,0.14920596648244439
141,FALSE,"0.06, 135",0.6399619034286914,0.6185629141075342,0.1499973079797628,"0.07, 70",0.1622706451548725,0.6210819088320592,0.1523289976334661
142,FALSE,"0.11, 71",0.6283664470197682,0.6120921046746142,0.1461254785810277,"0.16, 97",0.1556092191622669,0.5990109066842724,0.1392681214909083
143,TRUE,"0.01, 100",0.6329455349018588,0.6211069544493706,0.1530243796444459,"0.01, 100",0.16617306159692916,0.6211069544493706,0.1530243796444459
144,TRUE,"0.06, 113",0.6183683468487836,0.6235741538549169,0.15085084033083346,"0.06, 113",0.15393851465582045,0.6235741538549169,0.15085084033083346
145,TRUE,"0.06, 98",0.6064414202721755,0.6213804659451315,0.1469659828901016,"0.06, 98",0.1274395842040313,0.6213804659451315,0.1469659828901016
146,TRUE,"0.19, 32",0.6309017188453039,0.6174459502755186,0.14748247798681766,"0.19, 32",0.15605205135038985,0.6174459502755186,0.14748247798681766
147,TRUE,"0.07, 74",0.6432161105500505,0.6296841313268815,0.15065660461712577,"0.07, 74",0.16204315253799,0.6296841313268815,0.15065660461712577
148,FALSE,"0.08, 130",0.6187636030470826,0.6199269301517324,0.15084005113490379,"0.24, 43",0.13644262443346641,0.6136743280951664,0.14664227415098657
149,TRUE,"0.09, 39",0.6336654410587972,0.6246913244994282,0.15215410546559785,"0.09, 39",0.16839090290256745,0.6246913244994282,0.15215410546559785
150,FALSE,"0.11, 123",0.6228426981507766,0.6138789794542363,0.14584151132839407,"0.1, 43",0.16128468164856796,0.6213225540093789,0.15171245861669075
151,TRUE,"0.03, 53",0.5905948911882276,0.621978075306127,0.15476897719520333,"0.03, 53",0.14186622905873844,0.621978075306127,0.15476897719520333
152,FALSE,"0.06, 116",0.5991710746032857,0.6191723957119325,0.15515678655909246,"0.04, 82",0.13784494009680945,0.6242934749020751,0.1565810036888308
153,FALSE,"0.15, 54",0.6129468000832187,0.612334542503633,0.14646157451082067,"0.04, 144",0.15775168371258952,0.6220374762997987,0.15227935860667505
154,TRUE,"0.08, 70",0.6245712885840274,0.6322795036637445,0.1470477585511072,"0.08, 70",0.13985676246113043,0.6322795036637445,0.1470477585511072
155,TRUE,"0.04, 107",0.6206438928483657,0.6285435935958793,0.15435373021545304,"0.04, 107",0.15926333823537303,0.6285435935958793,0.15435373021545304
156,TRUE,"0.14, 33",0.6141757241848234,0.626508074595999,0.15183252542110073,"0.14, 33",0.14577887288915997,0.626508074595999,0.15183252542110073
157,TRUE,"0.02, 100",0.6369411752942236,0.6295413610618826,0.14974802884748625,"0.02, 100",0.15555977245554148,0.6295413610618826,0.14974802884748625
158,TRUE,"0.09, 38",0.6392063436335458,0.6185702879072958,0.14803759367716193,"0.09, 38",0.15491009119190594,0.6185702879072958,0.14803759367716193
159,FALSE,"0.2, 44",0.6289323960843524,0.6130798168152186,0.14324754223062156,"0.26, 25",0.13903325124290158,0.6091099447590836,0.13944302739557723
160,FALSE,"0.07, 92",0.6152121309082182,0.6260204355100001,0.14969861349013933,"0.03, 81",0.15548344868711406,0.6268570098134638,0.15128210678352635
161,TRUE,"0.13, 40",0.6214322008129821,0.619700808618247,0.14215500046235757,"0.13, 40",0.14538184729781106,0.619700808618247,0.14215500046235757
162,TRUE,"0.12, 39",0.6454855887718849,0.6214696858216484,0.1549905637467068,"0.12, 39",0.15508337440333564,0.6214696858216484,0.1549905637467068
163,FALSE,"0.1, 139",0.6016668499835015,0.6057439907089285,0.1449560058651136,"0.12, 93",0.14076805599127065,0.6086676827079196,0.1468864412517308
164,TRUE,"0.04, 110",0.6111174994250518,0.6208001732482267,0.14435557148194636,"0.04, 110",0.15231357105359875,0.6208001732482267,0.14435557148194636
165,FALSE,"0.2, 135",0.5997830195282424,0.599327092592577,0.13629347785937412,"0.26, 82",0.1411063991140856,0.6040535799793101,0.13713607904407887
166,FALSE,"0.03, 84",0.643815556599906,0.6243183856056801,0.15713893643607937,"0.01, 98",0.14952071897902364,0.6231649720955801,0.15880052822539242
167,TRUE,"0.05, 49",0.6440725334719876,0.6332330789642046,0.1541491536900944,"0.05, 49",0.15807972915915602,0.6332330789642046,0.1541491536900944
168,TRUE,"0.04, 119",0.6181998620124188,0.6171548508744629,0.14195093158050337,"0.04, 119",0.15773503116275273,0.6171548508744629,0.14195093158050337
169,TRUE,"0.13, 84",0.6553680168784809,0.6234546926614944,0.15204547389440848,"0.13, 84",0.16745359083810032,0.6234546926614944,0.15204547389440848
170,TRUE,"0.22, 45",0.6127743503084723,0.6166480023954416,0.1525340827808899,"0.22, 45",0.15408383666191086,0.6166480023954416,0.1525340827808899
171,TRUE,"0.06, 96",0.6086747192752652,0.6216289038791359,0.1515793840614273,"0.06, 96",0.14532452310522204,0.6216289038791359,0.1515793840614273
172,FALSE,"0.1, 28",0.633480986711196,0.6320000522535508,0.15007995432633953,"0.02, 117",0.16447097083230178,0.6320711427952385,0.15053760923867757
173,FALSE,"0.04, 117",0.6328635422811947,0.6127306136337048,0.14515714417695727,"0.18, 93",0.16109918300543666,0.5967705086023483,0.13773723139386573
174,TRUE,"0.08, 45",0.6419653828599515,0.6345868390245492,0.1553468975766036,"0.08, 45",0.16869866788395596,0.6345868390245492,0.1553468975766036
175,TRUE,"0.12, 41",0.6450074493295603,0.6183245280724482,0.15237468568002688,"0.12, 41",0.1665411985901504,0.6183245280724482,0.15237468568002688
176,FALSE,"0.03, 63",0.6186597519322303,0.6210563035165876,0.1533806326985885,"0.1, 69",0.1465454708898087,0.6163758026579588,0.14940755383189744
177,FALSE,"0.1, 70",0.621727044565989,0.6201801676766728,0.15220677216548031,"0.08, 65",0.15623557133858704,0.6206249083757273,0.1530014650182178
178,FALSE,"0.2, 49",0.6115919966072401,0.6135619918612036,0.14820859082822854,"0.05, 41",0.13097008000453453,0.6203154853218692,0.15042961589462714
179,TRUE,"0.06, 90",0.6129103380695737,0.6248391819693795,0.15519619735495185,"0.06, 90",0.14972581851835207,0.6248391819693795,0.15519619735495185
180,TRUE,"0.07, 90",0.6308903194315527,0.6237533387892601,0.14954152027754486,"0.07, 90",0.145007022584317,0.6237533387892601,0.14954152027754486
181,TRUE,"0.07, 28",0.6429246367826895,0.6271475936555907,0.1525566801588416,"0.07, 28",0.17269704980971834,0.6271475936555907,0.1525566801588416
182,FALSE,"0.02, 121",0.6177880540272143,0.6288541897584702,0.14988337730768123,"0.16, 58",0.14308321771125407,0.614569069255013,0.14337271152201964
183,TRUE,"0.04, 133",0.6180373766361028,0.6266635454600277,0.15402128272273233,"0.04, 133",0.1524164343883844,0.6266635454600277,0.15402128272273233
184,FALSE,"0.04, 77",0.6214205721485067,0.6247925656919784,0.14801386300402208,"0.17, 58",0.147318407448541,0.6110629701467312,0.14055204061980275
185,TRUE,"0.02, 109",0.6148211660950514,0.6271450069806674,0.14971099833559298,"0.02, 109",0.1358017448933435,0.6271450069806674,0.14971099833559298
186,TRUE,"0.04, 126",0.6393914547690708,0.6285805809059181,0.15570201106476914,"0.04, 126",0.15786012151174358,0.6285805809059181,0.15570201106476914
187,TRUE,"0.26, 47",0.6182123608875201,0.6017249068285035,0.13956547124017302,"0.26, 47",0.13876371449376543,0.6017249068285035,0.13956547124017302
188,TRUE,"0.05, 147",0.6149596536311732,0.6302051234883157,0.15671847936618713,"0.05, 147",0.14689780644860484,0.6302051234883157,0.15671847936618713
189,FALSE,"0.13, 61",0.6293423144632638,0.6189271642963513,0.1534972013819184,"0.19, 69",0.14802027380015778,0.605965931130521,0.14624419273416558
190,TRUE,"0.2, 143",0.5998130168284854,0.5858492846412131,0.13102195393556235,"0.2, 143",0.15524055711837892,0.5858492846412131,0.13102195393556235
191,TRUE,"0.07, 133",0.6457228849403553,0.6144218244751247,0.141050213810299,"0.07, 133",0.17136344106304863,0.6144218244751247,0.141050213810299
192,TRUE,"0.09, 26",0.643916547510724,0.6256033200371258,0.14857299997501183,"0.09, 26",0.15799612625175835,0.6256033200371258,0.14857299997501183
193,FALSE,"0.01, 41",0.608239258466738,0.623252677074119,0.15016139859366728,"0.05, 104",0.1443780282618045,0.6243776667843169,0.1525215966937304
194,TRUE,"0.02, 65",0.6409058184763371,0.6220719398058346,0.152369096855818,"0.02, 65",0.16393393572717715,0.6220719398058346,0.152369096855818
195,FALSE,"0.04, 117",0.6507564319211271,0.6246682018070173,0.14958280146365685,"0.14, 108",0.17576668221901684,0.6042588741885183,0.1416134391428524
196,FALSE,"0.03, 107",0.6446089851913328,0.6237786328415661,0.15142551916411098,"0.07, 116",0.1732773439415766,0.6153230200642303,0.15091335846389436
197,TRUE,"0.13, 88",0.6156464256875028,0.6113158124796436,0.15199201844259866,"0.13, 88",0.15368058866056136,0.6113158124796436,0.15199201844259866
198,FALSE,"0.02, 105",0.6128029323935974,0.6320746634635667,0.1524599961997979,"0.11, 97",0.15649684683958526,0.6138352924637253,0.14689453082491274
199,FALSE,"0.02, 144",0.6511653951144397,0.6300225279467464,0.15632530917616222,"0.02, 145",0.1585196599112759,0.6287250689400962,0.155355651791682
200,FALSE,"0.03, 149",0.6264721175094241,0.6371160058604944,0.16182743271133132,"0.02, 87",0.15534872176397319,0.6412910360455951,0.16104744006806512
201,FALSE,"0.18, 62",0.6591496765291124,0.6178759334348284,0.1475301142531143,"0.09, 134",0.18632647816248724,0.6175347581203393,0.1474165414433513
202,FALSE,"0.03, 64",0.6432026117649412,0.6307251087156214,0.1502638061151049,"0.25, 27",0.17877339739201695,0.6192099118235165,0.14845655295242483
203,TRUE,"0.24, 33",0.616431580674071,0.6186873972899445,0.14740156724585946,"0.24, 33",0.13840278445626877,0.6186873972899445,0.14740156724585946
204,FALSE,"0.11, 58",0.6382410583047525,0.6156262797909423,0.14571343305851184,"0.01, 29",0.15027604110637136,0.6220921174455685,0.15323331252401312
205,TRUE,"0.03, 54",0.6280221769676407,0.6282443499857873,0.15169577120361327,"0.03, 54",0.15328557136073342,0.6282443499857873,0.15169577120361327
206,TRUE,"0.06, 121",0.6549129433108032,0.6212140608443754,0.15240307805882378,"0.06, 121",0.1785115693079019,0.6212140608443754,0.15240307805882378
207,TRUE,"0.03, 149",0.6288457776819255,0.6272426055952028,0.15375466288255232,"0.03, 149",0.15249713510119375,0.6272426055952028,0.15375466288255232
208,FALSE,"0.24, 49",0.6193257289632877,0.601227076590153,0.14209542310864923,"0.03, 51",0.16555530168969262,0.621571793428059,0.153316060741793
209,FALSE,"0.02, 94",0.6234788869001789,0.6283195933360671,0.1529792831580615,"0.02, 145",0.15414828780974957,0.6258550674876725,0.15115317940918907
210,FALSE,"0.14, 111",0.6215032167205454,0.6044636379865013,0.14162120470459147,"0.01, 29",0.15469081998874476,0.6284343218501414,0.1523626093822824
211,FALSE,"0.03, 91",0.6464638182563569,0.6308074742009145,0.15336229649378152,"0.06, 29",0.17091875795994546,0.6260264633305311,0.1529038214221526
212,FALSE,"0.17, 43",0.6026419918061646,0.6115699653511455,0.144069581364651,"0.13, 97",0.1373677512455513,0.6059962518269455,0.14223912569775993
213,FALSE,"0.18, 43",0.6282904538591527,0.6109635720878369,0.14921289475893282,"0.22, 144",0.16437276177271487,0.5835672134372215,0.13026756978636636
214,TRUE,"0.03, 106",0.6221750042496176,0.6208546457443324,0.14560942324845674,"0.03, 106",0.1539581295853433,0.6208546457443324,0.14560942324845674
215,TRUE,"0.11, 41",0.6069313761761441,0.6091628609927298,0.14437380868754082,"0.11, 41",0.15400589199910972,0.6091628609927298,0.14437380868754082
216,FALSE,"0.1, 57",0.6212165905068544,0.6288692049150394,0.15529961547736473,"0.1, 116",0.14924416286440936,0.6157115403258089,0.14877694068031125
217,FALSE,"0.07, 88",0.6318816306532412,0.6174721698660441,0.1490172910249164,"0.02, 60",0.15935754262154905,0.6172169774602551,0.1510075637877013
218,TRUE,"0.01, 66",0.6344114029737323,0.6299673421552944,0.15199518459361622,"0.01, 66",0.15262756557423396,0.6299673421552944,0.15199518459361622
219,TRUE,"0.03, 32",0.6453628981698356,0.6279488702522059,0.15602357234772574,"0.03, 32",0.1561968915922589,0.6279488702522059,0.15602357234772574
220,TRUE,"0.18, 38",0.5787419132278095,0.6196000466639996,0.1474128915216651,"0.18, 38",0.1317761939827331,0.6196000466639996,0.1474128915216651
221,FALSE,"0.12, 147",0.6489245967862892,0.6051487904902236,0.14277793109756337,"0.03, 143",0.17515437064985087,0.6284975161803958,0.15405015997549035
222,TRUE,"0.05, 45",0.6387725104740574,0.6257496648157324,0.150691675532065,"0.05, 45",0.1665907948415959,0.6257496648157324,0.150691675532065
223,TRUE,"0.09, 75",0.6342899139077482,0.6198190283187291,0.15076720953069447,"0.09, 75",0.16495546991511958,0.6198190283187291,0.15076720953069447
224,FALSE,"0.11, 26",0.6284219420252177,0.6194037635294793,0.14806549979979988,"0.12, 33",0.14602873810729466,0.6191625723211603,0.14778811613364515
225,FALSE,"0.2, 35",0.6305512503874652,0.6212721374864774,0.14306225724158864,"0.13, 150",0.16397118062730917,0.6081951750212738,0.14050170552519606
226,FALSE,"0.03, 55",0.6160225579697827,0.6233305428345639,0.14784448900390273,"0.03, 71",0.15508478443981538,0.6240886692204534,0.1466191236031202
227,TRUE,"0.1, 54",0.6489595936365727,0.6184352784792606,0.152272813697836,"0.1, 54",0.18839645906174676,0.6184352784792606,0.152272813697836
228,TRUE,"0.14, 29",0.6157210851023408,0.6133376483017651,0.14194941480857426,"0.14, 29",0.12782193925320326,0.6133376483017651,0.14194941480857426
229,FALSE,"0.21, 42",0.6184783369496746,0.6161056719795541,0.1444825133219994,"0.02, 75",0.14169123654586308,0.6263761711761227,0.1544608299027181
230,FALSE,"0.04, 145",0.6257481826635602,0.6236445015872896,0.15359392980503753,"0.02, 142",0.1468137820280282,0.6282708438777302,0.1548259035991018
231,TRUE,"0.11, 33",0.6463777886246519,0.6210531119195373,0.151595862138661,"0.11, 33",0.16706444663915804,0.6210531119195373,0.151595862138661
232,FALSE,"0.03, 51",0.6619839214470697,0.6308902563125763,0.15175021095848665,"0.16, 37",0.1814229545769488,0.6282213081211435,0.14913840504145498
233,TRUE,"0.11, 79",0.60753332200102,0.6167428609014578,0.1444279366216966,"0.11, 79",0.13924103961444065,0.6167428609014578,0.1444279366216966
234,FALSE,"0.06, 47",0.6359504529014499,0.6306221823910829,0.1551533531464918,"0.11, 103",0.14462419098518353,0.6160624025038557,0.1462687240791182
235,TRUE,"0.01, 124",0.6092296693297603,0.6214881790174452,0.15274885081782885,"0.01, 124",0.13523421066293287,0.6214881790174452,0.15274885081782885
236,TRUE,"0.14, 27",0.6483727354927504,0.6229271191841362,0.15065432082180855,"0.14, 27",0.17591883576557102,0.6229271191841362,0.15065432082180855
237,TRUE,"0.05, 97",0.6223499063790289,0.6265182026956388,0.15809153066013676,"0.05, 97",0.1469222118582503,0.6265182026956388,0.15809153066013676
238,FALSE,"0.21, 82",0.6301862832345089,0.6053848485079207,0.13648714795290964,"0.04, 88",0.14687306818694654,0.6275056588218485,0.15057595963843604
239,FALSE,"0.12, 68",0.6208300659347694,0.6110057130574957,0.14751314641091182,"0.09, 49",0.16226731949909698,0.6107103194987329,0.14864693149128533
240,TRUE,"0.05, 29",0.6309587137157656,0.630453291301834,0.14908013204890183,"0.05, 29",0.1467919426304072,0.630453291301834,0.14908013204890183
241,FALSE,"0.22, 92",0.5882375953576319,0.596650519176441,0.1391353471927329,"0.14, 88",0.1322255576417839,0.6116724206472313,0.14763333644488744
242,TRUE,"0.17, 25",0.6138587527122559,0.6234717594857999,0.15321568895737855,"0.17, 25",0.14377411516643884,0.6234717594857999,0.15321568895737855
243,FALSE,"0.12, 32",0.6416584328496697,0.6245580459401977,0.1529137467512635,"0.22, 26",0.15798234457834479,0.6148549373571889,0.14802927392994916
244,TRUE,"0.06, 82",0.6591671749542541,0.6263638436596848,0.1505190960211008,"0.06, 82",0.1602395214896748,0.6263638436596848,0.1505190960211008
245,TRUE,"0.05, 46",0.6469242768150867,0.6250352739898185,0.1474787318748469,"0.05, 46",0.16145483361355453,0.6250352739898185,0.1474787318748469
246,TRUE,"0.1, 145",0.5936105750482457,0.5957383855369369,0.13694436895681436,"0.1, 145",0.13693165160427126,0.5957383855369369,0.13694436895681436
247,TRUE,"0.15, 54",0.6098846103850654,0.6255412232123003,0.15432417169008972,"0.15, 54",0.13730643800058737,0.6255412232123003,0.15432417169008972
248,TRUE,"0.05, 115",0.6247127758501735,0.6230282643147813,0.15400052399909145,"0.05, 115",0.1599857113109436,0.6230282643147813,0.15400052399909145
249,FALSE,"0.02, 101",0.5938920497155256,0.6224534115886696,0.15160703847991505,"0.1, 132",0.15371593778162257,0.6112385402273225,0.14329424054895398
250,TRUE,"0.13, 140",0.6387560813622252,0.6010068054262762,0.13703459437540863,"0.13, 140",0.16323314838538375,0.6010068054262762,0.13703459437540863
251,FALSE,"0.13, 27",0.6311391974722275,0.6281243558731996,0.15270500497616424,"0.05, 126",0.14682169177244533,0.6281313012107005,0.15340019078636383
252,FALSE,"0.15, 35",0.6189037986581207,0.6207107190624294,0.1503083032991894,"0.16, 31",0.14332492378241862,0.6198167112548111,0.1504607380135105
253,TRUE,"0.07, 54",0.6266441020308172,0.6185877239934308,0.1478237920636195,"0.07, 54",0.14772242166544117,0.6185877239934308,0.1478237920636195
254,FALSE,"0.07, 84",0.6366093058014555,0.6215514070298864,0.14739428080407144,"0.13, 81",0.1650152134981823,0.6153229757197697,0.14227168974409551
255,FALSE,"0.05, 90",0.6362342389184973,0.6221597551367132,0.14727047050353986,"0.1, 42",0.14302748862469175,0.6235589006069322,0.1472055264174793
256,FALSE,"0.05, 96",0.6234518893299603,0.6252372900743892,0.1538142779068769,"0.07, 106",0.15914732017819405,0.6214830283408425,0.152666204399428
257,FALSE,"0.1, 59",0.6350148486636202,0.6266290516951029,0.15179861098480593,"0.13, 76",0.16221093291683356,0.6153725258225056,0.14586280712746488
258,TRUE,"0.09, 44",0.6229976778128307,0.6332475009323135,0.15750575894718663,"0.09, 44",0.14371640127982543,0.6332475009323135,0.15750575894718663
259,TRUE,"0.06, 65",0.6433490985811277,0.6229475036178707,0.15568175320813238,"0.06, 65",0.17006774517378828,0.6229475036178707,0.15568175320813238
260,TRUE,"0.03, 84",0.6533961943425092,0.6320960160508352,0.1486687021005187,"0.03, 84",0.16368212534192805,0.6320960160508352,0.1486687021005187
261,TRUE,"0.03, 150",0.6327769446436722,0.6284766596416668,0.14983286117339636,"0.03, 150",0.15983130701363588,0.6284766596416668,0.14983286117339636
262,TRUE,"0.07, 124",0.615682588567029,0.6201827644140064,0.1508683993214989,"0.07, 124",0.1391102353621845,0.6201827644140064,0.1508683993214989
263,TRUE,"0.08, 27",0.6439685428311452,0.623675859295035,0.15432394152524948,"0.08, 27",0.14616284312823766,0.623675859295035,0.15432394152524948
264,FALSE,"0.17, 59",0.6315921567058965,0.6139064878586336,0.13962901886417442,"0.1, 80",0.17054615299931902,0.6206058267426269,0.14425887296945067
265,FALSE,"0.12, 33",0.641508264256217,0.6264650221136693,0.15290703307795814,"0.09, 133",0.1858358940046324,0.6200820361221884,0.14865437021341135
266,TRUE,"0.13, 59",0.6312671859532643,0.6219937479579997,0.1514646300634707,"0.13, 59",0.15217226618312704,0.6219937479579997,0.1514646300634707
267,TRUE,"0.05, 108",0.6387785099341059,0.6150041093938681,0.14889564180531137,"0.05, 108",0.1587243819900594,0.6150041093938681,0.14889564180531137
268,TRUE,"0.02, 109",0.6374427871843293,0.6248710652029731,0.15288631823764495,"0.02, 109",0.15969124251013053,0.6248710652029731,0.15288631823764495
269,TRUE,"0.09, 126",0.6329560339569439,0.6226068521677552,0.15433030646684492,"0.09, 126",0.15566409260106323,0.6226068521677552,0.15433030646684492
270,TRUE,"0.04, 148",0.6269125778679919,0.6223135477982035,0.1478945204659182,"0.04, 148",0.14715084091800437,0.6223135477982035,0.1478945204659182
271,FALSE,"0.25, 51",0.6160315571598556,0.6007801558301548,0.1368551157215373,"0.2, 113",0.1513538057587838,0.5946286464172512,0.13423689453184812
272,TRUE,"0.14, 40",0.5959518643322101,0.6175217449134673,0.14536056684888324,"0.14, 40",0.14043497938486946,0.6175217449134673,0.14536056684888324
273,TRUE,"0.27, 31",0.641912727854493,0.6113133224162106,0.14690349449742918,"0.27, 31",0.15293452907941774,0.6113133224162106,0.14690349449742918
274,FALSE,"0.03, 58",0.6333898415596271,0.6281523403943797,0.15245496314516693,"0.01, 76",0.17207403167175528,0.6255163078928125,0.15113978084600627
275,TRUE,"0.01, 30",0.6446058917197451,0.625958989591675,0.1500962136629242,"0.01, 30",0.14631295258350357,0.625958989591675,0.1500962136629242
276,FALSE,"0.05, 137",0.6083827455529003,0.6228457455719277,0.15029340529883678,"0.25, 68",0.13881046479836057,0.5990232200602804,0.13528374358668024
277,FALSE,"0.14, 62",0.6524362807347339,0.6119570602393289,0.14158196809132056,"0.09, 27",0.15922600118310276,0.6207315043542122,0.14777887061528963
278,FALSE,"0.06, 43",0.6286774190322871,0.6278208305539443,0.15807916108616443,"0.06, 105",0.17258315852787176,0.6270168813560905,0.15675352541544335
279,TRUE,"0.2, 43",0.6224359807617315,0.6116065526921844,0.14287060827170428,"0.2, 43",0.14427293441569022,0.6116065526921844,0.14287060827170428
280,FALSE,"0.18, 25",0.6205877189902749,0.6190097349822333,0.1460230699264982,"0.06, 88",0.14252720975165362,0.619214224192734,0.14837210429446923
281,FALSE,"0.04, 63",0.6110815026647601,0.6327309867980525,0.15480354003831934,"0.02, 93",0.13938682795417257,0.6353302905007433,0.15800032065401762
282,TRUE,"0.12, 25",0.6277146080722081,0.6307435579464642,0.15117886380640894,"0.12, 25",0.14541993701106587,0.6307435579464642,0.15117886380640894
283,FALSE,"0.16, 43",0.6219404055551934,0.6262494114685532,0.15209429598507618,"0.19, 41",0.15665830626496682,0.6174463492230733,0.14893870423270067
284,FALSE,"0.14, 59",0.6189942905138538,0.6115855513029846,0.14651591076674372,"0.18, 70",0.14738234285100918,0.6081125480477445,0.1466368030274444
285,FALSE,"0.12, 28",0.6155890969812717,0.6280169239700548,0.155545381226558,"0.08, 146",0.14014406333124937,0.6135301459325627,0.15032677148912113
286,TRUE,"0.11, 25",0.6544831042153443,0.6259264086499711,0.15180514927597863,"0.11, 25",0.1830402863180065,0.6259264086499711,0.15180514927597863
287,FALSE,"0.01, 103",0.6013038826505614,0.6220753636188064,0.1485614064208922,"0.14, 46",0.14225892288242936,0.6239101521592904,0.14934748515331686
288,FALSE,"0.15, 26",0.6027274414312297,0.6278134978369294,0.15218150414430504,"0.27, 40",0.14342885828192461,0.6135796650480096,0.14232577653724612
289,TRUE,"0.09, 73",0.631083202511774,0.6169992448486882,0.14755853137244715,"0.09, 73",0.1557914909886302,0.6169992448486882,0.14755853137244715
290,FALSE,"0.07, 65",0.6142871003104695,0.6205041090113597,0.14817494566575348,"0.04, 52",0.14483443590492565,0.6255564492428306,0.15103565154233164
291,TRUE,"0.09, 47",0.6463508284254417,0.6309627770666184,0.15566855772625132,"0.09, 47",0.15873785044722857,0.6309627770666184,0.15566855772625132
292,TRUE,"0.07, 92",0.6185563299303063,0.6300040424209737,0.15413187174150406,"0.07, 92",0.16700867807083877,0.6300040424209737,0.15413187174150406
293,TRUE,"0.04, 142",0.6301582857542821,0.6175603176625122,0.14749985885008068,"0.04, 142",0.15828569632900888,0.6175603176625122,0.14749985885008068
294,FALSE,"0.07, 123",0.6251187393134618,0.6222250795768577,0.15404072741064592,"0.03, 130",0.16272128088884055,0.6277965596481064,0.15701284309844757
295,TRUE,"0.04, 84",0.6122980625034482,0.6243228325501045,0.1515191312763458,"0.04, 84",0.14281227683964137,0.6243228325501045,0.1515191312763458
296,FALSE,"0.03, 49",0.6211345978861902,0.630709873603326,0.15392230083041875,"0.08, 74",0.15176328684079482,0.6242945298006437,0.15098342490416536
297,FALSE,"0.1, 51",0.65515525477707,0.6191159424455704,0.14263113503258418,"0.27, 59",0.18471726748737305,0.5979525598962352,0.13153289414428324
298,TRUE,"0.12, 148",0.6183453489185973,0.6089585253826542,0.14532397590544532,"0.12, 148",0.15276799109298897,0.6089585253826542,0.14532397590544532
299,TRUE,"0.22, 34",0.6386265236128749,0.6167477811994241,0.14671721197928014,"0.22, 34",0.15773527376951793,0.6167477811994241,0.14671721197928014
300,FALSE,"0.08, 133",0.6072033516983472,0.6161318020788599,0.14888265446402746,"0.09, 145",0.16005345622820233,0.6109729639542837,0.147070555215534
301,TRUE,"0.02, 41",0.644440000399964,0.6222658472159475,0.1512879982744801,"0.02, 41",0.16404571433473214,0.6222658472159475,0.1512879982744801
302,TRUE,"0.1, 123",0.6285934265916068,0.6178523857821667,0.15310591966478437,"0.1, 123",0.13663570481822426,0.6178523857821667,0.15310591966478437
303,TRUE,"0.05, 54",0.6404653581177694,0.6262185886550216,0.15456609619738318,"0.05, 54",0.15594544689237563,0.6262185886550216,0.15456609619738318
304,FALSE,"0.15, 53",0.5935445809877111,0.6172687790340435,0.1514713752775492,"0.14, 50",0.14466831138597122,0.6222506541404448,0.15312290856193858
305,TRUE,"0.19, 31",0.5957978781909629,0.6118258120923813,0.14534049420001227,"0.19, 31",0.13350415621885983,0.6118258120923813,0.14534049420001227
306,FALSE,"0.02, 118",0.620930116289534,0.6335825581977332,0.15035196391331332,"0.09, 33",0.1715396287721678,0.6311033614745251,0.14999853571078547
307,FALSE,"0.12, 36",0.6246612804847563,0.630743123474992,0.15350312724945694,"0.03, 102",0.1615264953931574,0.6300169200265905,0.15513747157731458
308,FALSE,"0.07, 90",0.6264428405916311,0.6263089630681912,0.14817448794387705,"0.03, 139",0.1408674148481569,0.6300059235400035,0.14881250344744643
309,FALSE,"0.03, 80",0.609518143367097,0.6209827430342448,0.14852110989018386,"0.11, 65",0.13720664387459375,0.6266526319108852,0.15410569100347557
310,TRUE,"0.13, 55",0.6230169284764371,0.6244073797016951,0.15287072419056896,"0.13, 55",0.15654920475821285,0.6244073797016951,0.15287072419056896
311,TRUE,"0.18, 33",0.6189457948784609,0.6258357023118493,0.14981082606583854,"0.18, 33",0.1545720662059898,0.6258357023118493,0.14981082606583854
312,TRUE,"0.02, 103",0.6254956110168678,0.6289409294042714,0.15617658210237909,"0.02, 103",0.16611906160583179,0.6289409294042714,0.15617658210237909
313,TRUE,"0.03, 104",0.6287605137901806,0.6318561979678783,0.15204474590401526,"0.03, 104",0.1528657963690779,0.6318561979678783,0.15204474590401526
314,TRUE,"0.16, 51",0.6532662060414562,0.611063236502615,0.15117070918538564,"0.16, 51",0.15946617557016174,0.611063236502615,0.15117070918538564
315,FALSE,"0.11, 41",0.5991820736133748,0.6237270709272723,0.14730226779847733,"0.11, 68",0.14073135539488152,0.6184443267470439,0.14605504841706965
316,TRUE,"0.06, 86",0.6079547840694337,0.6190753189303277,0.1517956435449908,"0.06, 86",0.1449483489332277,0.6190753189303277,0.1517956435449908
317,TRUE,"0.05, 92",0.630054017183182,0.6217710388131612,0.15253148420390697,"0.05, 92",0.15105674558974003,0.6217710388131612,0.15253148420390697
318,TRUE,"0.02, 49",0.6185688288054075,0.6163867272019102,0.14640664133408796,"0.02, 49",0.14975281238121058,0.6163867272019102,0.14640664133408796
319,FALSE,"0.11, 100",0.6217180453759161,0.6113778652536294,0.14601689275753402,"0.15, 58",0.1430355510471978,0.6135738039241542,0.1495834420134332
320,TRUE,"0.12, 60",0.6306487416132548,0.6237914194890781,0.1507581655556235,"0.12, 60",0.15274229865912875,0.6237914194890781,0.1507581655556235
321,FALSE,"0.06, 85",0.6135947764701177,0.6202633664046647,0.14984732237726645,"0.22, 31",0.1568755794846727,0.6146373496550028,0.14808463620340803
322,FALSE,"0.08, 116",0.620880120789129,0.6100887624685468,0.14368223869016297,"0.07, 147",0.16675179154367945,0.6092968474261039,0.14157791521422436
323,TRUE,"0.03, 107",0.6042091211790939,0.6283942680777689,0.15131117092756172,"0.03, 107",0.13842758936177807,0.6283942680777689,0.15131117092756172
324,FALSE,"0.25, 57",0.6013180794559161,0.6044350633959147,0.14407635692561024,"0.2, 95",0.1311569315671517,0.6046357698940424,0.14514637233973718
325,TRUE,"0.04, 126",0.6273610375066244,0.6260261607566345,0.15242552308806304,"0.04, 126",0.16133138651191012,0.6260261607566345,0.15242552308806304
326,TRUE,"0.14, 28",0.6163631439304648,0.6281135244264288,0.15167426311948687,"0.14, 28",0.1441269518635891,0.6281135244264288,0.15167426311948687
327,FALSE,"0.04, 124",0.6358452739253467,0.620645304783296,0.1481106505188503,"0.11, 80",0.14885453815346517,0.6128223722833599,0.1455116632010953
328,TRUE,"0.04, 26",0.6398684118429342,0.6233712961648681,0.1507270613703877,"0.04, 26",0.1576288862130656,0.6233712961648681,0.1507270613703877
329,FALSE,"0.04, 143",0.6490515853573179,0.6233113304931817,0.15455105697697694,"0.15, 30",0.16696794792091552,0.6176305836828698,0.15094143177827524
330,TRUE,"0.09, 26",0.6302452779249867,0.6270820826334248,0.15744389499897013,"0.09, 26",0.17136494170677813,0.6270820826334248,0.15744389499897013
331,FALSE,"0.06, 116",0.6149802555772493,0.6245233402871551,0.15411128611312985,"0.09, 143",0.15620907897932415,0.6120440816715569,0.14796945146983004
332,TRUE,"0.07, 55",0.6132698057174855,0.6270407986902454,0.15217412106209516,"0.07, 55",0.137348474888734,0.6270407986902454,0.15217412106209516
333,TRUE,"0.16, 41",0.6062494375506204,0.6237093662834466,0.14471151345468986,"0.16, 41",0.13534984253527954,0.6237093662834466,0.14471151345468986
334,TRUE,"0.04, 66",0.6129923102775021,0.6267678074238568,0.15065886467177753,"0.04, 66",0.13512637811197986,0.6267678074238568,0.15065886467177753
335,TRUE,"0.04, 72",0.6379065884070434,0.6275868954058789,0.15714829823321433,"0.04, 72",0.15763324258065184,0.6275868954058789,0.15714829823321433
336,TRUE,"0.01, 71",0.6372586467217951,0.6234605046589863,0.15080852254338806,"0.01, 71",0.16518034857338665,0.6234605046589863,0.15080852254338806
337,FALSE,"0.22, 35",0.6312143920238134,0.616323572554594,0.1466885868431194,"0.01, 72",0.15831548234267886,0.6269007368315214,0.15661601621752472
338,TRUE,"0.05, 67",0.6266501014908659,0.6242580713558201,0.1519054285654044,"0.05, 67",0.15813521401387115,0.6242580713558201,0.1519054285654044
339,FALSE,"0.17, 76",0.6115919567238949,0.6151392720321099,0.15560368249585993,"0.09, 43",0.1460732475599481,0.6271659442461921,0.1632295986522438
340,TRUE,"0.04, 44",0.6166106207790545,0.6236139775364783,0.15295190335462303,"0.04, 44",0.15231217077390172,0.6236139775364783,0.15295190335462303
341,FALSE,"0.05, 37",0.6433296003359698,0.6291140380758635,0.14890232110767573,"0.04, 80",0.1663696182008826,0.6272797711929081,0.1470956141361277
342,FALSE,"0.07, 29",0.645779379855813,0.6325326457983933,0.15313904729614405,"0.04, 53",0.17391961136232476,0.6317258510409823,0.15270281975230943
343,TRUE,"0.07, 49",0.6151596356327931,0.6256577132522076,0.14972154750222388,"0.07, 49",0.1309083085495552,0.6256577132522076,0.14972154750222388
344,TRUE,"0.06, 144",0.6237248647621714,0.616130639007991,0.15164156912427046,"0.06, 144",0.15150896710336567,0.616130639007991,0.15164156912427046
345,TRUE,"0.08, 105",0.6064474197322242,0.6224286397546342,0.15252162232619307,"0.08, 105",0.151326161231185,0.6224286397546342,0.15252162232619307
346,FALSE,"0.14, 43",0.630817303075889,0.6188336931646017,0.1499278087317805,"0.19, 80",0.15858807168727132,0.6014134038423334,0.14164031840130267
347,TRUE,"0.09, 75",0.6423661870431662,0.6300103248747911,0.15582976432472945,"0.09, 75",0.17079901797932934,0.6300103248747911,0.15582976432472945
348,TRUE,"0.03, 26",0.6245282924536791,0.6355824493504924,0.16162423258021436,"0.03, 26",0.1440630876384366,0.6355824493504924,0.16162423258021436
349,FALSE,"0.15, 80",0.6142397184253418,0.6082009606282079,0.1474158186979005,"0.25, 42",0.14510773401282945,0.604503773921099,0.14160625602366644
350,FALSE,"0.09, 95",0.6140967312941835,0.6214410264668256,0.15438208472565337,"0.26, 40",0.13787519046711555,0.6148338315415626,0.14783647859193838
351,TRUE,"0.02, 49",0.6390929816316532,0.6180772094044639,0.14770267748113233,"0.02, 49",0.14027116805698814,0.6180772094044639,0.14770267748113233
352,FALSE,"0.05, 137",0.6201986821186093,0.6152183221458531,0.1469272893478852,"0.14, 70",0.14313351320766152,0.6063817241732062,0.14169061930041735
353,TRUE,"0.28, 32",0.6309387155156035,0.6103779093659523,0.14381022942997096,"0.28, 32",0.16469541175879865,0.6103779093659523,0.14381022942997096
354,FALSE,"0.09, 50",0.6245239014750653,0.6228729565483977,0.15381549134892392,"0.09, 63",0.17340931578396676,0.6221668905341732,0.15469352628341546
355,FALSE,"0.05, 26",0.6543581077703007,0.6197825716952592,0.15042395533892675,"0.05, 92",0.18169654188507978,0.6212205496926254,0.15077416917906725
356,TRUE,"0.03, 40",0.614176375883359,0.6195606979810852,0.1532080057111688,"0.03, 40",0.14242159218204195,0.6195606979810852,0.1532080057111688
357,TRUE,"0.08, 93",0.6116979471847533,0.6213889223398977,0.1501601938755241,"0.08, 93",0.1460526584787182,0.6213889223398977,0.1501601938755241
358,FALSE,"0.12, 129",0.5940860322570969,0.6048014103076477,0.14196574357873593,"0.08, 150",0.13765621292104097,0.6127621252743697,0.14629114490354614
359,FALSE,"0.06, 45",0.6079044643170614,0.6287525709704588,0.1500213811231178,"0.13, 84",0.14816751116690022,0.6100797779308517,0.14248161449655178
360,TRUE,"0.06, 91",0.6384158972018397,0.6289288997474617,0.14949220648085693,"0.06, 91",0.17688485073132504,0.6289288997474617,0.14949220648085693
361,FALSE,"0.16, 47",0.6184790393048043,0.6102058463193328,0.1409619787650005,"0.06, 128",0.14679674726156297,0.6162398965223663,0.14474545260834198
362,TRUE,"0.02, 134",0.6454799068083873,0.6246309342507289,0.15296657808473021,"0.02, 134",0.16738767166893606,0.6246309342507289,0.15296657808473021
363,TRUE,"0.06, 98",0.6310987011168995,0.6236157374656484,0.1560907027676354,"0.06, 98",0.1713126600798783,0.6236157374656484,0.1560907027676354
364,TRUE,"0.16, 40",0.6549305562499375,0.6167421001021144,0.1489686524318198,"0.16, 40",0.17705904605614378,0.6167421001021144,0.1489686524318198
365,TRUE,"0.08, 65",0.6307887966904586,0.6293510365361219,0.15380342958992976,"0.08, 65",0.14337763714426283,0.6293510365361219,0.15380342958992976
366,FALSE,"0.01, 64",0.6223819856212941,0.6258166794525399,0.1519458251298848,"0.11, 59",0.1504576082361114,0.6223855254981436,0.14693588699291732
367,TRUE,"0.04, 108",0.6045785879270865,0.6291332887605406,0.15483382498657533,"0.04, 108",0.12872110707007092,0.6291332887605406,0.15483382498657533
368,FALSE,"0.05, 31",0.6177433745158916,0.6230219716904838,0.14741973207818954,"0.15, 49",0.15563038994182907,0.6174966723449719,0.14651562968126697
369,TRUE,"0.08, 144",0.6427023295390691,0.6194591579286727,0.14658638329367035,"0.08, 144",0.1590988491886685,0.6194591579286727,0.14658638329367035
370,FALSE,"0.1, 112",0.6187513123818856,0.6121257670959098,0.14778442370702644,"0.14, 111",0.148038614600251,0.5992660313710947,0.13951777374244848
371,TRUE,"0.14, 41",0.6265946064854163,0.6247495759977808,0.1511025530502849,"0.14, 41",0.1503743721748802,0.6247495759977808,0.1511025530502849
372,FALSE,"0.16, 26",0.6457972424654305,0.620435249364033,0.1486359290284172,"0.06, 144",0.17712387420365547,0.6153469337382135,0.1475696313120203
373,TRUE,"0.07, 35",0.62106210441060306,0.6312099414815104,0.1592437626820304,"0.07, 35",0.14308487925932892,0.6312099414815104,0.1592437626820304
374,TRUE,"0.01, 49",0.6223374896259337,0.6281823455092592,0.15657538219723413,"0.01, 49",0.1534188020632408,0.6281823455092592,0.15657538219723413
375,TRUE,"0.05, 33",0.6258977010850431,0.6218053004474101,0.15108793664917416,"0.05, 33",0.14955662780943166,0.6218053004474101,0.15108793664917416
376,TRUE,"0.08, 78",0.6176383509906219,0.6254469046772687,0.15315766966298497,"0.08, 78",0.14856958624705158,0.6254469046772687,0.15315766966298497
377,FALSE,"0.06, 53",0.5887388775085619,0.6195144062344007,0.15229841712555017,"0.1, 112",0.15802518685320463,0.6113022110323642,0.1497912538805147
378,TRUE,"0.02, 138",0.6347896928912077,0.6316900890194108,0.15517734319908694,"0.02, 138",0.16002113708093887,0.6316900890194108,0.15517734319908694
379,FALSE,"0.12, 34",0.60745908587077,0.6270855191392898,0.1525718324605803,"0.04, 83",0.13589815148420945,0.6269773464610334,0.1523565364389025
380,TRUE,"0.1, 37",0.6410778029977302,0.6258605885575327,0.15444072032972805,"0.1, 37",0.15322365661420426,0.6258605885575327,0.15444072032972805
381,FALSE,"0.1, 66",0.6197472227499525,0.6240572566350573,0.14980120972073244,"0.08, 132",0.15729729540251183,0.6167665298825368,0.14765043242018952
382,TRUE,"0.06, 83",0.6482297034535736,0.6219124861168572,0.14581279610694986,"0.06, 83",0.16286768484315675,0.6219124861168572,0.14581279610694986
383,TRUE,"0.08, 101",0.5985471307582317,0.6218671404185662,0.14948607869516226,"0.08, 101",0.14750159543865698,0.6218671404185662,0.14948607869516226
384,TRUE,"0.03, 100",0.6273145416912478,0.6220665007736796,0.15676828344822333,"0.03, 100",0.15050182713588361,0.6220665007736796,0.15676828344822333
385,FALSE,"0.1, 143",0.6313271805537501,0.6077513280886485,0.1444191212916503,"0.05, 95",0.15857527742389108,0.6289410759716074,0.15687823769971407
386,FALSE,"0.28, 27",0.6319826215640593,0.6090143711305466,0.14264378087309232,"0.2, 32",0.1662924926060854,0.6147535473956183,0.14571567734767146
387,FALSE,"0.19, 138",0.6341050395288544,0.5971274149692449,0.13963852424907988,"0.27, 38",0.14676978798872495,0.6123049066279612,0.14401132086281082
388,FALSE,"0.09, 44",0.641527527698226,0.6281804747768882,0.15428041310575932,"0.15, 29",0.1590042218637316,0.626042150999679,0.1528612399173235
389,FALSE,"0.05, 129",0.6415022647961683,0.6260521235412603,0.15103729395840818,"0.21, 41",0.17722442922107506,0.6234730952550438,0.14776912691774582
390,FALSE,"0.08, 73",0.621250160035848,0.6205485267311286,0.15358933889623635,"0.01, 78",0.1721735346412312,0.6245120025887153,0.1525122730075529
391,FALSE,"0.03, 43",0.6509909108180264,0.6282261984000127,0.1580936491958396,"0.03, 54",0.16935231616158122,0.6318826686091676,0.15862931134875266
392,TRUE,"0.15, 35",0.5898949094581488,0.61785738628455,0.14826290341218143,"0.15, 35",0.13641071036350869,0.61785738628455,0.14826290341218143
393,TRUE,"0.09, 57",0.5970882477674999,0.6116163473022018,0.15045795819281282,"0.09, 57",0.1370124748000993,0.6116163473022018,0.15045795819281282
394,FALSE,"0.15, 126",0.5698597126258637,0.6056297595158815,0.14129861472763408,"0.26, 59",0.12327175538523731,0.6080249298030305,0.1416512187696427
395,TRUE,"0.06, 27",0.599173574378306,0.628794483922686,0.15250214291589023,"0.06, 27",0.1449824221945285,0.628794483922686,0.15250214291589023
396,FALSE,"0.19, 46",0.6250190042569536,0.6141624789384623,0.14389320925408022,"0.25, 83",0.14563713197289105,0.5958118716488043,0.13189090555043143
397,FALSE,"0.06, 27",0.6008579227869492,0.632629253156837,0.1569769704894503,"0.09, 55",0.1502202308740596,0.6251976606799992,0.15626673890794607
398,FALSE,"0.05, 29",0.6322763954438988,0.6164006110768635,0.15227289619222076,"0.26, 25",0.15237255547554504,0.6174988852721782,0.14945967467393295
399,FALSE,"0.26, 28",0.6539501444869962,0.6142764715679526,0.1446187988130238,"0.11, 98",0.17776788537969213,0.614168904979556,0.14617665825926524
400,TRUE,"0.03, 29",0.667575918167365,0.6279924126346556,0.15455284685979315,"0.03, 29",0.17375283962223126,0.6279924126346556,0.15455284685979315
401,TRUE,"0.09, 143",0.6263621274085333,0.6171806893775611,0.15063715579037074,"0.09, 143",0.1530195345132323,0.6171806893775611,0.15063715579037074
402,TRUE,"0.06, 35",0.6321486066254037,0.6201985690420595,0.15275776547146727,"0.06, 35",0.16133997802833966,0.6201985690420595,0.15275776547146727
403,TRUE,"0.12, 61",0.6429575224850367,0.6272613655846612,0.1523133605498832,"0.12, 61",0.18207449181344584,0.6272613655846612,0.1523133605498832
404,FALSE,"0.19, 87",0.611119999200072,0.6032203141921383,0.1425404405722131,"0.23, 68",0.16500299387951187,0.6010683128974367,0.1395972671202715
405,FALSE,"0.05, 43",0.6112159123643696,0.6223618590125265,0.15047208390427097,"0.09, 112",0.13705892834752778,0.6183494197444817,0.14585450076918788
406,TRUE,"0.1, 60",0.6060192483116218,0.6238667079028655,0.15265259397817685,"0.1, 60",0.1415890633579634,0.6238667079028655,0.15265259397817685
407,TRUE,"0.14, 34",0.6135917767400934,0.625334080416689,0.15201156976585367,"0.14, 34",0.15116162140075967,0.625334080416689,0.15201156976585367
408,FALSE,"0.06, 47",0.6276080842108632,0.6201824975317177,0.14281895627100605,"0.22, 55",0.15113688972800166,0.608624809201409,0.13791362708970384
409,TRUE,"0.02, 39",0.6222574968252857,0.6268929191172099,0.1626309622352801,"0.02, 39",0.15815555033361253,0.6268929191172099,0.1626309622352801
410,TRUE,"0.05, 126",0.6472547470727634,0.6290560648494785,0.15358641065946035,"0.05, 126",0.15079502065338143,0.6290560648494785,0.15358641065946035
411,FALSE,"0.01, 105",0.6276876020228531,0.6223942068209141,0.15268505986749698,"0.04, 39",0.15135848949964315,0.6215305558968918,0.15272894959008868
412,TRUE,"0.16, 79",0.6464818166365027,0.6116003705682593,0.14496264649899396,"0.16, 79",0.1705209024928254,0.6116003705682593,0.14496264649899396
413,FALSE,"0.07, 123",0.621172094511494,0.6186847675549819,0.1519431842704526,"0.22, 51",0.15856066170549826,0.609518003037987,0.14610082521021725
414,TRUE,"0.05, 53",0.6100950914417702,0.624225085188402,0.15580240076008414,"0.05, 53",0.12653328449115825,0.624225085188402,0.15580240076008414
415,FALSE,"0.15, 73",0.5818468158951956,0.6104474365699315,0.14713332278601376,"0.21, 140",0.14055619425918256,0.5893883968392906,0.1317927366823725
416,FALSE,"0.06, 59",0.6232826472618684,0.6258415501328282,0.1506939583487229,"0.17, 51",0.15433019574791407,0.6154342006674225,0.14804492617082143
417,TRUE,"0.12, 67",0.6188748012678859,0.6215110485251527,0.148890672710334,"0.12, 67",0.1484325621286794,0.6215110485251527,0.148890672710334
418,FALSE,"0.14, 109",0.6259836614704677,0.6069574959454491,0.1392204373879609,"0.27, 47",0.156045450658211,0.6049741877919281,0.138010930985645
419,TRUE,"0.06, 115",0.6254692077713006,0.6228434890126826,0.15453841971354124,"0.06, 115",0.15400695361745345,0.6228434890126826,0.15453841971354124
420,FALSE,"0.21, 115",0.5929110597298639,0.5932638931288092,0.13840528912212863,"0.26, 48",0.1337625118197215,0.6035645979731727,0.14114547680173692
421,FALSE,"0.02, 132",0.6418352348288654,0.630044912112214,0.1561007549793081,"0.19, 52",0.17941164315601252,0.6170420606294703,0.1469337888760072
422,FALSE,"0.11, 62",0.6244757524538447,0.6091952107549593,0.1415581462431173,"0.07, 121",0.1579346143810724,0.6078029068433058,0.14052565571285985
423,TRUE,"0.07, 75",0.6279119879210872,0.6349214278111489,0.15916974281652752,"0.07, 75",0.15593949853210615,0.6349214278111489,0.15916974281652752
424,TRUE,"0.15, 64",0.6180684473322025,0.6115253667630999,0.14783140089189198,"0.15, 64",0.15799612620900114,0.6115253667630999,0.14783140089189198
425,FALSE,"0.02, 128",0.6384645381915628,0.6282860271840228,0.1518065536690168,"0.16, 103",0.16406222798223172,0.6032718710124771,0.14322035254291204
426,FALSE,"0.01, 123",0.6317941385275325,0.6181793600204625,0.1480661332483799,"0.04, 103",0.18083793564072767,0.621967611615031,0.15017748437952466
427,TRUE,"0.07, 78",0.6205256526912578,0.6216983808908464,0.15170510926251846,"0.07, 78",0.14538551467741337,0.6216983808908464,0.15170510926251846
428,FALSE,"0.02, 147",0.6218320351168395,0.6238949821796713,0.14902166111463386,"0.04, 28",0.154538625569837,0.619485295568662,0.15107860832404726
429,FALSE,"0.02, 71",0.6186833248905362,0.6221820508396413,0.14630815585319842,"0.09, 70",0.15055625375319778,0.6210159471256589,0.14789631440310186
430,FALSE,"0.02, 138",0.6529942305192533,0.628053923477017,0.1537666561212312,"0.21, 51",0.16249207746713934,0.6102933804770833,0.14833942320707463
431,TRUE,"0.06, 78",0.6452799248067674,0.6225275773799928,0.15168356193639473,"0.06, 78",0.15555311924971194,0.6225275773799928,0.15168356193639473
432,TRUE,"0.06, 120",0.6281260501251373,0.6243987842507235,0.1563418268767486,"0.06, 120",0.1441070274313527,0.6243987842507235,0.1563418268767486
433,TRUE,"0.1, 67",0.6279769820716136,0.6255268964625986,0.1514458280765667,"0.1, 67",0.15872110944597553,0.6255268964625986,0.1514458280765667
434,TRUE,"0.03, 110",0.6148376646101851,0.6192575448589451,0.14819796636494428,"0.03, 110",0.1476490661020528,0.6192575448589451,0.14819796636494428
435,TRUE,"0.13, 51",0.6156870881620654,0.6229299536553816,0.15519677921205177,"0.13, 51",0.1542578735660362,0.6229299536553816,0.15519677921205177
436,TRUE,"0.06, 133",0.6402184089235989,0.6255370717838877,0.15295367156789527,"0.06, 133",0.17314552674641617,0.6255370717838877,0.15295367156789527
437,FALSE,"0.11, 42",0.6538426541611255,0.6264546119243425,0.15403827907821455,"0.01, 111",0.16698607713316396,0.6231534640875261,0.1495482055735444
438,TRUE,"0.04, 28",0.6014523692867642,0.626951725335376,0.1521848703744436,"0.04, 28",0.13381509063972846,0.626951725335376,0.1521848703744436
439,TRUE,"0.04, 78",0.6207995591012386,0.6233439742652459,0.15028271267827,"0.04, 78",0.14902946969088257,0.6233439742652459,0.15028271267827
440,FALSE,"0.08, 72",0.616388025077743,0.6257439712083693,0.14867838598686514,"0.14, 89",0.14592710906411033,0.6113315850168201,0.14527060638218417
441,TRUE,"0.04, 97",0.6435615794578488,0.6284610347238851,0.14923243369338104,"0.04, 97",0.1654874707436194,0.6284610347238851,0.14923243369338104
442,TRUE,"0.05, 86",0.6427653587854409,0.6221306901946134,0.1508334533480182,"0.05, 86",0.1918228921802346,0.6221306901946134,0.1508334533480182
443,FALSE,"0.02, 47",0.6421827035566798,0.6267902730660123,0.14571176625299806,"0.11, 59",0.1649614055300813,0.6175250813683557,0.14231864226456614
444,FALSE,"0.05, 127",0.6555679988801008,0.6208311378686351,0.14940252031736856,"0.02, 143",0.16790672813691035,0.6238201617691439,0.15163021673203184
445,FALSE,"0.08, 88",0.6328920397164255,0.6135116973658785,0.1464165471194562,"0.03, 55",0.15147741295986505,0.6232013065894944,0.1509262309722643
446,FALSE,"0.06, 135",0.6499575038246558,0.62026352947739,0.1522455684426496,"0.12, 66",0.15894138576967062,0.6156764174215377,0.14858888016990557
447,TRUE,"0.28, 26",0.6454025208018819,0.6201417435009178,0.14683210471365163,"0.28, 26",0.1684323394353032,0.6201417435009178,0.14683210471365163
448,TRUE,"0.03, 47",0.6350773430391264,0.6293745674333782,0.15203463840823647,"0.03, 47",0.14666032159813183,0.6293745674333782,0.15203463840823647
449,TRUE,"0.12, 58",0.633038026577608,0.6229135939394633,0.14382059371049208,"0.12, 58",0.1582387033266508,0.6229135939394633,0.14382059371049208
450,TRUE,"0.09, 70",0.6325631941554908,0.6284078693022259,0.1523220518379697,"0.09, 70",0.16953652660511986,0.6284078693022259,0.1523220518379697
451,FALSE,"0.02, 105",0.6413592776650101,0.632195236274695,0.15636207339132432,"0.1, 59",0.17613388344619854,0.6249031595411211,0.15592202094210003
452,FALSE,"0.28, 52",0.6158845703886651,0.6030166283190292,0.14085879663627632,"0.27, 61",0.1486677033597955,0.6026344082895296,0.13941930219583704
453,FALSE,"0.04, 107",0.6225449709526143,0.6190463142051705,0.14818338765352,"0.18, 52",0.16394224014995185,0.6114486177951345,0.14339003700113917
454,FALSE,"0.16, 30",0.6509170883885625,0.616040874926454,0.14790430689007386,"0.13, 130",0.17144570464422157,0.6083134874551258,0.141418391021544
455,TRUE,"0.02, 26",0.6083212639631277,0.6240437770182646,0.15160317129009496,"0.02, 26",0.14884371498098975,0.6240437770182646,0.15160317129009496
456,FALSE,"0.07, 50",0.6160410563049326,0.6324974982614427,0.1524299345748966,"0.05, 65",0.13414926900895513,0.632807668190804,0.15359725274394384
457,TRUE,"0.03, 83",0.6133567978881901,0.6111526462864916,0.1456941943123457,"0.03, 83",0.15334450481094716,0.6111526462864916,0.1456941943123457
458,FALSE,"0.04, 60",0.6329730324270816,0.6235973679074495,0.15081747835481452,"0.03, 137",0.15374375113519026,0.62280268373439,0.15101081638519775
459,FALSE,"0.26, 25",0.5936578711110888,0.6064401157152773,0.14514288281930585,"0.17, 59",0.12102898577890703,0.6095728864624672,0.14654455039049005
460,FALSE,"0.03, 112",0.6478551930326271,0.6231154607904045,0.15332004940413954,"0.12, 116",0.15720839603351947,0.6073853853379352,0.14300213649048013
461,TRUE,"0.01, 80",0.6428926396624304,0.6275879995464777,0.15353629861582815,"0.01, 80",0.17803846159997966,0.6275879995464777,0.15353629861582815
462,FALSE,"0.16, 29",0.6043151116399524,0.6226401559629668,0.14671857566776292,"0.02, 46",0.14166825884158762,0.6036369855864158,0.1456596942668412
463,TRUE,"0.04, 42",0.6576363127318542,0.6287329157781592,0.15266384074825834,"0.04, 42",0.18358043922754458,0.6287329157781592,0.15266384074825834
464,TRUE,"0.15, 31",0.6289553940145387,0.6185549109298856,0.14601562625617517,"0.15, 31",0.16462945790906663,0.6185549109298856,0.14601562625617517
465,TRUE,"0.12, 40",0.6257446829785319,0.6245446942919806,0.150207306856058,"0.12, 40",0.14949435598546976,0.6245446942919806,0.150207306856058
466,FALSE,"0.27, 27",0.6197048138783088,0.6181598230970556,0.14590455049732137,"0.07, 114",0.1506417490243787,0.6266109465077414,0.15276429296127275
467,FALSE,"0.12, 48",0.6248807607315342,0.6245183956873244,0.14954444439636744,"0.26, 93",0.15321016218691938,0.5947017131235872,0.13088726967654488
468,TRUE,"0.02, 114",0.6321601055904968,0.6324053063519778,0.15546816081864404,"0.02, 114",0.1462707279745796,0.6324053063519778,0.15546816081864404
469,TRUE,"0.07, 68",0.6266923790929169,0.6222756529800396,0.15406756944486164,"0.07, 68",0.15215661037511227,0.6222756529800396,0.15406756944486164
470,FALSE,"0.09, 43",0.6353428191462769,0.6314551630761532,0.15375425530620168,"0.15, 54",0.15127636912704462,0.625062169466962,0.15089108047686617
471,TRUE,"0.05, 107",0.6204436600705936,0.625805344030336,0.15305116907295516,"0.05, 107",0.16225885979554008,0.625805344030336,0.15305116907295516
472,TRUE,"0.08, 48",0.6503491782159204,0.6304065636808478,0.15267134787739586,"0.08, 48",0.1680707162346908,0.6304065636808478,0.15267134787739586
473,TRUE,"0.01, 62",0.6483932241077592,0.627109815718234,0.15125624486104516,"0.01, 62",0.16007754514853503,0.627109815718234,0.15125624486104516
474,TRUE,"0.06, 129",0.628423766923791,0.6119867653621578,0.14475419129821254,"0.06, 129",0.15417640990070158,0.6119867653621578,0.14475419129821254
475,FALSE,"0.13, 42",0.6378795908368247,0.6265369137510047,0.15602045868446981,"0.15, 113",0.15692008488509007,0.6140460693081834,0.15218384356443965
476,FALSE,"0.08, 69",0.64385372728595,0.6233683455569988,0.1545972336831443,"0.27, 109",0.16675779066841162,0.5872197497914605,0.1312159301410967
477,TRUE,"0.06, 79",0.6158660720535152,0.6221893676513898,0.14570193293213768,"0.06, 79",0.13985757108227337,0.6221893676513898,0.14570193293213768
478,FALSE,"0.02, 52",0.6272705456508914,0.6307487534633716,0.15373976703876077,"0.09, 57",0.14216135647995,0.627151819062647,0.14953797679664807
479,FALSE,"0.03, 92",0.6144691977722005,0.6237080910618921,0.15363014663596652,"0.15, 120",0.14422558586844092,0.6138609374499463,0.1492749852245808
480,TRUE,"0.05, 32",0.6021993020628144,0.6319883585090957,0.15452250537322884,"0.05, 32",0.1267754697781671,0.6319883585090957,0.15452250537322884
481,TRUE,"0.01, 58",0.6263986241238289,0.6250496638507936,0.1508094103639262,"0.01, 58",0.15039599021697542,0.6250496638507936,0.1508094103639262
482,FALSE,"0.04, 116",0.6426621604055635,0.6250712722086508,0.15123227563735378,"0.19, 25",0.15433843939783282,0.6185984502111307,0.14811368621997706
483,TRUE,"0.07, 33",0.6640582490477868,0.6202041579808746,0.1510067687198773,"0.07, 33",0.16028158740165077,0.6202041579808746,0.1510067687198773
484,TRUE,"0.14, 78",0.6263916247537722,0.6199676022088393,0.15039823249121212,"0.14, 78",0.14599711503720317,0.6199676022088393,0.15039823249121212
485,TRUE,"0.3, 72",0.592774637503072,0.5964459721157204,0.13388240065148774,"0.3, 72",0.13036210795146735,0.5964459721157204,0.13388240065148774
486,TRUE,"0.08, 99",0.5900688937995581,0.6192931500243135,0.14715871789843948,"0.08, 99",0.13372839438580136,0.6192931500243135,0.14715871789843948
487,TRUE,"0.09, 66",0.6088438717831689,0.619568230932342,0.14575754681613692,"0.09, 66",0.1389183500660976,0.619568230932342,0.14575754681613692
488,TRUE,"0.08, 65",0.6411746231155779,0.6210400530570129,0.1435671041413065,"0.08, 65",0.15091369803214133,0.6210400530570129,0.1435671041413065
489,TRUE,"0.22, 26",0.6117555332394456,0.621815198780269,0.14666202755342658,"0.22, 26",0.13859145620527796,0.621815198780269,0.14666202755342658
490,TRUE,"0.07, 32",0.6170547202573377,0.6287682691738598,0.15762411656883354,"0.07, 32",0.14202503650617007,0.6287682691738598,0.15762411656883354
491,FALSE,"0.19, 27",0.6368276855083043,0.6234536887103719,0.146513610400843,"0.08, 43",0.16592033477566442,0.6263914765786355,0.148182250814738
492,TRUE,"0.03, 81",0.6266566009059185,0.6225552344803714,0.1487328873804124,"0.03, 81",0.1618030001176568,0.6225552344803714,0.1487328873804124
493,FALSE,"0.01, 113",0.6303045780018303,0.631366059748213,0.15273107126038804,"0.04, 115",0.1564707066985434,0.6287212621028772,0.1518366707967957
494,FALSE,"0.05, 114",0.6089153970489389,0.618706163590714,0.15176261045093836,"0.2, 80",0.1531875378632626,0.5975933870099919,0.1390714381117045
495,TRUE,"0.03, 28",0.6366893372613868,0.6109689671507341,0.14762126839788417,"0.03, 28",0.16199279778495138,0.6109689671507341,0.14762126839788417
496,TRUE,"0.07, 58",0.6499420052195303,0.6318359489238551,0.1552462742138789,"0.07, 58",0.16102039740099908,0.6318359489238551,0.1552462742138789
497,FALSE,"0.04, 138",0.6171994520493156,0.6233187666376644,0.14763099383390738,"0.01, 37",0.14347731351268803,0.6265438616608838,0.15066843501602062
498,FALSE,"0.15, 46",0.6216410523052925,0.6182377850271569,0.14721947055029694,"0.09, 135",0.16198979636038932,0.617107471791191,0.14552237995174405
499,TRUE,"0.06, 69",0.6021193092621664,0.6190399021026673,0.1487225887091419,"0.06, 69",0.1438576494276794,0.6190399021026673,0.1487225887091419
500,FALSE,"0.06, 62",0.6383675469207771,0.6254324760914018,0.1537906834674292,"0.13, 77",0.15540762314054352,0.6136289901918459,0.14666316880817606
